Subreddit: Marijuana,,,, ,Subreddit: Cigarettes,,,, ,Subreddit: Alcohol,,,, ,Subreddit: Opiates,,,, ,Subreddit: Cocaine,,,, 
Rule,Support (%),Confidence,Lift, ,Rule,Support (%),Confidence,Lift, ,Rule,Support (%),Confidence,Lift, ,Rule,Support (%),Confidence,Lift, ,Rule,Support (%),Confidence,Lift, 
6-->9,14.58342506,0.99,1.134, ,6-->9,20.59888492,0.967,1.071, ,6-->9,19.04317614,0.984,1.09, ,6-->9,18.45196638,0.962,1.091, ,6-->9,10.82933516,0.952,1.298, 
21-->9,13.8378902,0.997,1.143, ,21-->9,10.14846833,0.998,1.105, ,21-->9,16.5027235,0.998,1.105, ,21-->9,8.432000743,0.997,1.131, ,21-->9,16.03838245,0.992,1.352, 
45-->9,19.21953654,0.992,1.137, ,45-->9,11.37004322,0.99,1.096, ,45-->9,14.29726584,0.992,1.099, ,45-->9,13.2516135,0.991,1.124, ,45-->9,13.36531871,0.97,1.323, 
57-->9,22.90905355,0.981,1.124, ,57-->9,19.27958404,0.976,1.081, ,57-->9,27.61398271,0.979,1.084, ,57-->9,28.17012583,0.979,1.11, ,57-->9,14.80466073,0.939,1.281, 
24-->9,10.96875504,0.998,1.144, ,24-->9,6.010148468,0.998,1.105, ,24-->9,9.877020411,0.991,1.097, ,24-->9,12.16046803,0.998,1.132, ,24-->9,11.10349554,0.964,1.315, 
83-->9,17.86054976,0.989,1.134, ,83-->9,11.70206102,0.986,1.091, ,83-->9,23.81752104,0.987,1.093, ,83-->9,24.67381715,0.984,1.116, ,83-->9,14.18779986,0.967,1.319, 
81-->9,25.44211098,0.991,1.136, ,81-->9,14.36446783,0.993,1.099, ,81-->9,25.17127396,0.989,1.096, ,81-->9,29.78594976,0.99,1.123, ,81-->9,22.68677176,0.979,1.335, 
20-->9,24.89470054,0.991,1.136, ,20-->9,13.32456305,0.987,1.093, ,20-->9,31.01324874,0.983,1.088, ,20-->9,24.91061893,0.987,1.12, ,20-->9,17.40918437,0.969,1.322, 
18-->9,19.02875006,0.992,1.137, ,18-->9,10.57069473,0.991,1.097, ,18-->9,15.6305814,0.992,1.099, ,18-->9,14.0038074,0.993,1.126, ,18-->9,10.82933516,0.963,1.314, 
79-->9,6.981317601,0.983,1.127, ,79-->9,5.792144334,0.987,1.093, ,79-->9,8.578359502,0.981,1.087, ,79-->9,15.46176348,0.935,1.061, ,79-->9,10.76079507,1,1.364, 
46-->9,7.163298551,0.996,1.141, ,46-->9,6.424857483,0.996,1.103, ,46-->9,8.771625836,0.996,1.103, ,46-->9,15.52676789,0.989,1.121, ,46-->9,9.458533242,0.993,1.354, 
44-->9,10.89977839,0.993,1.139, ,44-->9,10.164756,0.998,1.105, ,44-->9,12.04915629,0.999,1.106, ,44-->9,10.98110229,0.997,1.131, ,44-->9,9.115832762,0.993,1.353, 
89-->9,14.69349418,0.994,1.139, ,89-->9,9.319050304,0.984,1.09, ,89-->9,13.21364149,0.993,1.099, ,89-->9,18.57268886,0.993,1.126, ,89-->9,10.41809459,1,1.364, 
80-->9,14.24734733,0.994,1.14, ,80-->9,9.484432751,0.987,1.093, ,80-->9,21.6898142,0.981,1.087, ,80-->9,14.25918187,0.968,1.098, ,80-->9,10.82933516,0.946,1.29, 
26-->9,11.4515916,0.989,1.134, ,26-->9,10.75988223,0.998,1.105, ,26-->9,8.704537982,0.998,1.106, ,26-->9,12.36012444,0.999,1.133, ,26-->9,11.24057574,1,1.364, 
52-->9,26.97867594,0.986,1.131, ,52-->9,19.2495145,0.976,1.081, ,52-->9,23.81663246,0.985,1.091, ,52-->9,32.83651391,0.987,1.119, ,52-->9,24.88005483,0.943,1.286, 
50-->9,18.76458416,0.988,1.133, ,50-->9,15.17258661,0.973,1.078, ,50-->9,21.05048028,0.982,1.088, ,50-->9,16.89186052,0.975,1.105, ,50-->9,13.09115833,0.965,1.315, 
27-->9,11.47947578,0.98,1.124, ,27-->9,11.53417277,0.995,1.102, ,27-->9,8.015443535,0.99,1.096, ,27-->9,9.931745368,0.988,1.12, ,27-->9,16.03838245,1.95,2.659, 
76-->9,22.91639149,0.992,1.137, ,76-->9,13.59393598,0.992,1.098, ,76-->9,52.48935924,0.984,1.09, ,76-->9,18.80949064,0.974,1.104, ,76-->9,15.42152159,0.97,1.322, 
58-->9,17.32634761,0.99,1.135, ,58-->9,8.208983274,0.987,1.093, ,58-->9,15.11875883,0.99,1.096, ,58-->9,15.83786043,0.99,1.122, ,58-->9,10.1439342,0.987,1.345, 
23-->9,20.4170886,0.976,1.118, ,23-->9,10.15974441,0.983,1.089, ,23-->9,12.56986467,0.981,1.087, ,23-->9,24.40451316,0.977,1.108, ,23-->9,15.2159013,0.949,1.294, 
35-->9,7.066437723,0.998,1.144, ,35-->9,5.884858736,0.999,1.106, ,35-->9,16.0713175,0.986,1.092, ,35-->9,8.018758416,0.998,1.132, ,35-->9,9.66415353,1,1.364, 
84-->9,9.997211582,0.991,1.135, ,84-->9,10.67593811,0.998,1.105, ,84-->9,10.33774958,0.99,1.096, ,84-->9,9.365278358,0.985,1.117, ,84-->9,9.115832762,1,1.364, 
33-->9,23.53424617,0.976,1.118, ,33-->9,28.72893566,0.972,1.076, ,33-->9,11.80035366,0.985,1.091, ,33-->9,36.41175651,0.988,1.12, ,33-->9,28.92392049,0.984,1.341, 
59-->9,18.90106987,0.994,1.139, ,59-->9,14.08006014,0.989,1.095, ,59-->9,22.57750646,0.99,1.096, ,59-->9,20.99642476,0.992,1.125, ,59-->9,14.39342015,0.977,1.332, 
29-->9,15.72961153,0.986,1.13, ,29-->9,9.397982835,0.985,1.09, ,29-->9,14.44788029,0.985,1.091, ,29-->9,18.06658309,0.977,1.108, ,29-->9,12.81699794,0.94,1.281, 
90-->9,6.212301325,0.989,1.134, ,90-->9,4.348806615,0.99,1.096, ,90-->9,6.746994375,0.991,1.098, ,90-->9,10.64679389,0.987,1.119, ,90-->9,9.32145305,1.143,1.558, 
8-->9,9.749189157,0.996,1.141, ,8-->9,8.406941051,0.995,1.102, ,8-->9,10.18180364,0.995,1.102, ,8-->9,10.36356038,0.99,1.122, ,8-->9,10.62371487,0.994,1.355, 
65-->9,29.13016041,0.985,1.129, ,65-->9,21.52227025,0.985,1.091, ,65-->9,39.11399604,0.982,1.088, ,65-->9,31.04424943,0.987,1.119, ,65-->9,21.45305003,0.978,1.334, 
32-->9,22.91785908,0.991,1.137, ,32-->9,15.71884984,0.989,1.095, ,32-->9,20.92119176,0.99,1.096, ,32-->9,26.05748247,0.99,1.122, ,32-->9,19.05414668,0.959,1.307, 
87-->76,3.674841134,0.7,3.031, ,87-->76,2.964355071,0.463,3.378, ,87-->76,11.2276633,0.811,1.52, ,87-->76,3.347727167,0.596,3.084, ,87-->76,2.193283071,0.542,3.411, 
91-->9,9.667004212,0.993,1.139, ,91-->9,9.870325127,0.998,1.105, ,91-->9,8.253138912,0.993,1.1, ,91-->9,9.342062497,0.995,1.128, ,91-->9,8.156271419,0.992,1.352, 
22-->64,13.15986439,0.8,1.61, ,64-->22,2.11238489,0.317,2.496, ,64-->22,3.687610517,0.496,3.375, ,22-->64,9.486000836,0.623,1.709, ,22-->64,10.55517478,0.713,1.719, 
4-->9,27.12396718,0.989,1.134, ,4-->9,17.81369417,0.988,1.094, ,4-->9,23.23994349,0.99,1.097, ,4-->9,29.52128894,0.986,1.118, ,4-->9,22.27553119,0.942,1.285, 
2-->9,22.08280133,0.99,1.135, ,2-->9,10.3025747,0.989,1.095, ,2-->9,23.0306827,0.988,1.095, ,2-->9,20.08171983,0.99,1.123, ,2-->9,15.42152159,0.978,1.334, 
28-->9,25.51549039,0.992,1.137, ,28-->9,13.25189501,0.992,1.098, ,28-->9,20.59685976,0.992,1.098, ,28-->9,20.93142035,0.992,1.125, ,28-->9,18.98560658,0.986,1.344, 
87-->9,5.242225451,0.999,1.145, ,87-->9,6.392282152,0.999,1.106, ,87-->9,13.69880664,0.989,1.095, ,87-->9,5.608952036,0.998,1.132, ,87-->9,4.043865661,1,1.364, 
54-->9,7.195585494,0.984,1.128, ,54-->9,4.793585166,0.978,1.083, ,54-->9,6.633700317,0.989,1.096, ,54-->9,12.05367507,0.949,1.076, ,54-->9,10.07539411,1.256,1.713, 
97-->9,29.25490541,0.987,1.131, ,97-->9,18.52283405,0.989,1.095, ,97-->9,38.1365571,0.98,1.086, ,97-->9,27.54794075,0.989,1.122, ,97-->9,21.24742975,0.972,1.325, 
64-->9,47.67313873,0.959,1.099, ,64-->9,6.636597131,0.995,1.101, ,64-->9,7.395658394,0.994,1.101, ,64-->9,35.34847007,0.97,1.1, ,64-->9,37.42289239,0.902,1.231, 
34-->9,35.09884207,0.905,1.038, ,34-->9,14.33565119,0.98,1.085, ,34-->9,29.17699642,0.919,1.018, ,34-->9,31.49463714,0.962,1.091, ,34-->9,26.25085675,0.882,1.203, 
95-->9,20.14264958,0.99,1.135, ,95-->9,10.04447786,0.981,1.086, ,95-->9,18.34741734,0.99,1.096, ,95-->9,20.52746436,0.987,1.12, ,95-->9,14.94174092,0.952,1.298, 
93-->9,26.12600713,0.967,1.109, ,93-->9,20.91962664,0.98,1.085, ,93-->9,22.95604191,0.973,1.078, ,93-->9,32.75293681,0.97,1.1, ,93-->9,22.61823167,0.897,1.223, 
62-->9,7.583028809,0.998,1.144, ,62-->9,5.939986218,0.997,1.104, ,62-->9,10.76871129,0.986,1.092, ,62-->9,7.331568928,0.994,1.128, ,62-->9,4.592186429,1,1.364, 
11-->9,28.55193061,0.991,1.136, ,11-->9,17.50673432,0.989,1.095, ,11-->9,30.72845858,0.988,1.094, ,11-->9,31.0488926,0.991,1.124, ,11-->9,25.01713502,0.992,1.352, 
60-->9,20.3789313,0.985,1.129, ,60-->9,11.79477542,0.989,1.095, ,60-->9,22.31404224,0.988,1.094, ,60-->9,27.72902447,0.987,1.12, ,60-->9,18.43728581,0.964,1.315, 
42-->9,23.18349257,0.982,1.126, ,42-->9,16.75875462,0.982,1.087, ,42-->9,20.40092768,0.98,1.086, ,42-->9,24.37201096,0.976,1.107, ,42-->9,14.66758053,0.934,1.274, 
17-->9,8.084944012,0.992,1.137, ,17-->9,10.90396542,0.993,1.1, ,17-->9,8.753854219,0.99,1.096, ,17-->9,8.775595487,0.994,1.127, ,17-->9,15.76422207,1,1.364, 
92-->9,17.6917771,0.987,1.132, ,92-->9,10.68846708,0.987,1.093, ,92-->9,13.92894908,0.991,1.098, ,92-->9,18.88842457,0.99,1.122, ,92-->9,15.55860178,0.974,1.328, 
13-->9,39.06573328,0.981,1.124, ,13-->9,22.83781244,0.984,1.09, ,13-->9,46.09246572,0.977,1.082, ,13-->9,38.91442634,0.983,1.115, ,13-->9,29.12954078,0.918,1.252, 
39-->9,11.1125787,0.984,1.127, ,39-->9,4.246069035,0.997,1.104, ,39-->9,8.479282738,0.997,1.104, ,39-->9,8.580582254,0.987,1.119, ,39-->9,11.03495545,0.942,1.284, 
,,,,,,,,,,,,,,,,,,,,,,,,
,,,,,,,,,,,,,,,,,,,,,,,,
,This File Explored Finding Association Rules on only the  top 20 words from each cluster. We end up using this data in our reports though.,,,,,,,,,,,,,,,,,,,,,,,